K01_V016, 11341, "Ngã 3 Đường Lê Lợi - Nguyễn Huệ, Quận 1, Thành Phố Hồ Chí Minh"
K01_V016, 11321, "Ngã 3 Đường Lê Lợi - Nguyễn Huệ, Quận 1, Thành Phố Hồ Chí Minh"
K01_V016, 11325, "Ngã 3 Đường Lê Lợi - Nguyễn Huệ, Quận 1, Thành Phố Hồ Chí Minh"
K01_V016, 11347, "Ngã 3 Đường Lê Lợi - Nguyễn Huệ, Quận 1, Thành Phố Hồ Chí Minh"
K01_V016, 11355, "Ngã 3 Đường Lê Lợi - Nguyễn Huệ, Quận 1, Thành Phố Hồ Chí Minh"
K01_V016, 11382, "Ngã 3 Đường Lê Lợi - Nguyễn Huệ, Quận 1, Thành Phố Hồ Chí Minh"
K01_V016, 12937, "Ngã 3 Đường Lê Lợi - Nguyễn Huệ, Quận 1, Thành Phố Hồ Chí Minh"
K01_V016, 12943, "Ngã 3 Đường Lê Lợi - Nguyễn Huệ, Quận 1, Thành Phố Hồ Chí Minh"
K01_V016, 12951, "Ngã 3 Đường Lê Lợi - Nguyễn Huệ, Quận 1, Thành Phố Hồ Chí Minh"
K01_V016, 12962, "Ngã 3 Đường Lê Lợi - Nguyễn Huệ, Quận 1, Thành Phố Hồ Chí Minh"
K01_V016, 12967, "Ngã 3 Đường Lê Lợi - Nguyễn Huệ, Quận 1, Thành Phố Hồ Chí Minh"
K01_V016, 12975, "Ngã 3 Đường Lê Lợi - Nguyễn Huệ, Quận 1, Thành Phố Hồ Chí Minh"
K01_V016, 12989, "Ngã 3 Đường Lê Lợi - Nguyễn Huệ, Quận 1, Thành Phố Hồ Chí Minh"
K01_V016, 12997, "Ngã 3 Đường Lê Lợi - Nguyễn Huệ, Quận 1, Thành Phố Hồ Chí Minh"